{"cameraMode":{"drawMode":0,"name":"Shaded","section":"Shading Mode"},"sceneLighting":false,"audioPlay":false,"sceneViewState":{"m_AlwaysRefresh":false,"showFog":true,"showSkybox":true,"showFlares":true,"showImageEffects":true,"showParticleSystems":true,"showVisualEffectGraphs":true,"m_FxEnabled":true},"in2DMode":false,"pivot":{"x":-0.6911149621009827,"y":10.125764846801758,"z":0.28546202182769778},"rotation":{"x":0.11991862952709198,"y":0.8799842596054077,"z":-0.3177346885204315,"w":0.3321320116519928},"size":0.9635002017021179,"orthographic":false}