{"cameraMode":{"drawMode":0,"name":"Shaded","section":"Shading Mode"},"sceneLighting":false,"audioPlay":false,"sceneViewState":{"m_AlwaysRefresh":false,"showFog":true,"showSkybox":true,"showFlares":true,"showImageEffects":true,"showParticleSystems":true,"showVisualEffectGraphs":true,"m_FxEnabled":true},"in2DMode":false,"pivot":{"x":608.6293334960938,"y":293.9259033203125,"z":21.009033203125},"rotation":{"x":0.059947650879621509,"y":0.023353716358542444,"z":-0.0014029754092916847,"w":0.9979278445243836},"size":301.58074951171877,"orthographic":false}