{"cameraMode":{"drawMode":0,"name":"Shaded","section":"Shading Mode"},"sceneLighting":false,"audioPlay":false,"sceneViewState":{"m_AlwaysRefresh":false,"showFog":true,"showSkybox":true,"showFlares":true,"showImageEffects":true,"showParticleSystems":true,"showVisualEffectGraphs":true,"m_FxEnabled":true},"in2DMode":false,"pivot":{"x":-3.467179775238037,"y":1.3669581413269044,"z":0.33804261684417727},"rotation":{"x":0.0007958567584864795,"y":0.9805483818054199,"z":0.004112976603209972,"w":-0.19642013311386109},"size":0.8586732745170593,"orthographic":false}