{"cameraMode":{"drawMode":0,"name":"Shaded","section":"Shading Mode"},"sceneLighting":false,"audioPlay":false,"sceneViewState":{"m_AlwaysRefresh":false,"showFog":true,"showSkybox":true,"showFlares":true,"showImageEffects":true,"showParticleSystems":true,"showVisualEffectGraphs":true,"m_FxEnabled":true},"in2DMode":false,"pivot":{"x":480.3049011230469,"y":344.5018310546875,"z":-40.975982666015628},"rotation":{"x":0.09380059689283371,"y":0.10819758474826813,"z":-0.010255229659378529,"w":0.9896427989006043},"size":293.4249572753906,"orthographic":false}