{"cameraMode":{"drawMode":0,"name":"Shaded","section":"Shading Mode"},"sceneLighting":false,"audioPlay":false,"sceneViewState":{"m_AlwaysRefresh":false,"showFog":true,"showSkybox":true,"showFlares":true,"showImageEffects":true,"showParticleSystems":true,"showVisualEffectGraphs":true,"m_FxEnabled":true},"in2DMode":false,"pivot":{"x":502.59747314453127,"y":330.2063293457031,"z":-60.77923583984375},"rotation":{"x":0.038986701518297198,"y":-0.012592347338795662,"z":0.0004916428006254137,"w":0.9991609454154968},"size":177.9938507080078,"orthographic":false}