{"cameraMode":{"drawMode":0,"name":"Shaded","section":"Shading Mode"},"sceneLighting":false,"audioPlay":false,"sceneViewState":{"m_AlwaysRefresh":false,"showFog":true,"showSkybox":true,"showFlares":true,"showImageEffects":true,"showParticleSystems":true,"showVisualEffectGraphs":true,"m_FxEnabled":true},"in2DMode":false,"pivot":{"x":437.9656677246094,"y":269.85894775390627,"z":-88.58819580078125},"rotation":{"x":0.04198669642210007,"y":0.0068918028846383099,"z":-0.00028969344566576183,"w":0.9990946650505066},"size":350.9502868652344,"orthographic":false}