{"cameraMode":{"drawMode":0,"name":"Shaded","section":"Shading Mode"},"sceneLighting":false,"audioPlay":false,"sceneViewState":{"showFog":true,"showMaterialUpdate":false,"showSkybox":true,"showFlares":true,"showImageEffects":true,"showParticleSystems":true},"in2DMode":false,"pivot":{"x":387.7135925292969,"y":255.90679931640626,"z":638.154052734375},"rotation":{"x":-0.1553650200366974,"y":-0.00651209382340312,"z":0.0010235528461635113,"w":-0.9878351092338562},"size":3028.2412109375,"orthographic":false}