{"cameraMode":{"drawMode":0,"name":"Shaded","section":"Shading Mode"},"sceneLighting":true,"audioPlay":false,"sceneViewState":{"m_AlwaysRefresh":false,"showFog":true,"showSkybox":true,"showFlares":true,"showImageEffects":true,"showParticleSystems":true,"showVisualEffectGraphs":true,"m_FxEnabled":true},"in2DMode":false,"pivot":{"x":673.92626953125,"y":49.107276916503909,"z":1228.9541015625},"rotation":{"x":-0.036266956478357318,"y":0.008120812475681305,"z":0.000023469307052437216,"w":-0.9993072748184204},"size":882.420654296875,"orthographic":false}